time,sim_time,u0,task_error,u1
0.0,0.002,0.6298306075411604,0.4080441152620633,0.18204126057623954
0.01,0.012,0.19148402812784165,0.40768374822730996,0.05807716773258422
0.020000000000000004,0.022000000000000006,-0.00013211152365896417,0.4067338219070115,0.018562294759497514
0.030000000000000013,0.032000000000000015,-0.09797593038911846,0.4054368030917752,-0.0044517232438700035
